words,rmse,trend_points
pressure,1.8527256393803289,1
off,1.1258445876533303,6
