words,rmse,trend_points
baby,1.4433943435763958,7
caught,1.8288258328344817,5
