words,rmse,trend_points
~,1.4889141494873255,2
sports,1.6992705511084119,4
