words,rmse,trend_points
pressure,1.8527256393803289,1
off,1.1258445876533305,6
children,2.0155946630443515,2
same,1.3654386159244354,5
baby,1.4433943435763958,7
caught,1.8288258328344815,5
chinese,0.7909609523763644,1
though,1.4918070724974142,7
~,1.4889141494873257,2
sports,1.699270551108412,4
