words,rmse,trend_points
chinese,0.7909609523763644,1
though,1.4918070724974142,7
