words,rmse,trend_points
children,2.0155946630443515,2
same,1.3654386159244354,5
