words,rmse,trend_points
children,1.9850558523540407,3
same,1.373895650527938,5
