words,rmse,trend_points
chinese,0.7716879190364829,1
though,1.487282370700894,7
