words,rmse,trend_points
baby,1.444798537172042,7
caught,1.8401595660609575,4
