words,rmse,trend_points
~,1.4676348424584462,2
sports,1.6801719943169668,3
