words,rmse,trend_points
pressure,1.8940402588424012,3
off,1.128153516529637,6
