words,rmse,trend_points
pressure,1.6091465138666026,8
off,1.1175530697485807,7
