words,rmse,trend_points
baby,1.3118559069595992,5
caught,1.5409804789726411,6
~,1.23017558906077,4
sports,1.4303818247506237,6
pressure,1.6091465138666026,8
off,1.1175530697485807,7
chinese,0.5107120375160462,6
though,1.2943278345926188,8
children,1.669169359570026,3
same,1.5543332004421937,8
