words,rmse,trend_points
chinese,0.5107120375160462,6
though,1.2943278345926188,8
