words,rmse,trend_points
baby,1.3118559069595992,5
caught,1.5409804789726413,6
