words,rmse,trend_points
~,1.23017558906077,4
sports,1.4303818247506237,6
