words,rmse,trend_points
children,1.669169359570026,3
same,1.5543332004421935,8
