words,rmse,trend_points
children,2.0155946631852144,2
same,1.3654386160979815,5
