words,rmse,trend_points
baby,1.4433943449145725,7
caught,1.828825832341312,5
