words,rmse,trend_points
pressure,1.8527256370967842,1
off,1.1258445878706802,6
