words,rmse,trend_points
~,1.4888120124986512,2
sports,1.6992705059781177,4
