words,rmse,trend_points
chinese,0.7909609542315388,1
though,1.4918070718364447,7
