words,rmse,trend_points
pressure,1.852725637096784,1
off,1.1258445878706802,6
baby,1.4433943449145723,7
caught,1.828825832341312,5
children,2.0155946631852144,2
same,1.3654386160979817,5
chinese,0.7909609542315388,1
though,1.491807071836445,7
~,1.4888120124986512,2
sports,1.6992705059781177,4
