words,rmse,trend_points
chinese,0.5107119657516291,1
though,1.2943235975642535,8
