words,rmse,trend_points
pressure,1.6091485151631275,4
off,1.117553021913346,7
