words,rmse,trend_points
children,1.669201740621692,3
same,1.5543392326960321,8
