words,rmse,trend_points
~,1.2301865340023843,4
sports,1.4303909771239798,6
