words,rmse,trend_points
baby,1.3118607142629297,5
caught,1.5409832482049732,6
