words,rmse,trend_points
chinese,0.771687267845559,1
though,1.4872348794266137,7
