words,rmse,trend_points
~,1.4676348660315703,2
sports,1.680180838116277,3
