words,rmse,trend_points
pressure,1.8940402607648423,3
off,1.1281931540478651,6
