words,rmse,trend_points
baby,1.4446718584686864,7
caught,1.8401612792766844,4
