words,rmse,trend_points
children,1.9850527285878028,3
same,1.3738957528080669,5
