words,rmse,trend_points
pressure,1.667116144779825,7
off,1.5977804958901192,5
