words,rmse,trend_points
baby,1.7788447318079006,4
caught,1.738730134243013,5
