words,rmse,trend_points
~,1.6640167959627492,4
sports,1.5476350369433989,4
