words,rmse,trend_points
children,1.7734437847047217,3
same,1.6850752452252336,6
