words,rmse,trend_points
chinese,0.6832242550200825,4
though,1.9040837503650696,5
