words,rmse,trend_points
children,1.7734437847609597,3
same,1.6850752452061732,6
