words,rmse,trend_points
chinese,0.6832242550264762,4
though,1.904083750426418,5
