words,rmse,trend_points
~,1.6640167959807917,4
sports,1.5476350369529002,4
