words,rmse,trend_points
baby,1.7788447318114886,4
caught,1.7387301342081571,5
