words,rmse,trend_points
pressure,1.6671161447522147,7
off,1.5977804958245039,5
